date,produit,region,qte_tonne,px_min,px_max,px_moyen,spread,source_dataset
2020-10-25,huile_olive,centre,3,1000,1020,1010,20,dataset_3
2020-10-25,huile_olive,nord,2,1420,1420,1420,0,dataset_3
2020-10-25,huile_olive,sfax,16,900,1050,975,150,dataset_3
2020-10-25,huile_olive,sud,2,1300,1300,1300,0,dataset_3
2020-10-26,huile_olive,nord,2,1450,1450,1450,0,dataset_3
2020-10-26,huile_olive,sud,2,1300,1300,1300,0,dataset_3
2020-10-27,huile_olive,centre,3,1100,1200,1150,100,dataset_3
2020-10-28,huile_olive,sud,2,1320,1320,1320,0,dataset_3
2020-10-29,huile_olive,centre,3,1200,1200,1200,0,dataset_3
2020-10-29,huile_olive,sud,2,1280,1280,1280,0,dataset_3
2020-10-31,huile_olive,centre,3,830,1350,1090,520,dataset_3
2020-10-31,huile_olive,nord,3,1350,1350,1350,0,dataset_3
2020-10-31,huile_olive,sfax,3,900,1000,950,100,dataset_3
2020-11-01,huile_olive,centre,3,1000,1200,1100,200,dataset_3
2020-11-01,huile_olive,sahel,3,900,1000,950,100,dataset_3
2020-11-01,huile_olive,sfax,4,950,1100,1025,150,dataset_3
2020-11-02,huile_olive,centre,5,950,1200,1075,250,dataset_3
2020-11-02,huile_olive,sahel,2,1000,1000,1000,0,dataset_3
2020-11-02,huile_olive,sfax,6,1000,1150,1075,150,dataset_3
2020-11-02,huile_olive,sud,2,1300,1300,1300,0,dataset_3
2020-11-03,huile_olive,centre,6,1300,1660,1480,360,dataset_3
2020-11-03,huile_olive,sfax,8,1000,1350,1175,350,dataset_3
2020-11-04,huile_olive,centre,2,1500,1500,1500,0,dataset_3
2020-11-04,huile_olive,nord,8,1250,1550,1400,300,dataset_3
2020-11-04,huile_olive,sahel,9,1000,1040,1020,40,dataset_3
2020-11-05,huile_olive,centre,5,1200,1450,1325,250,dataset_3
2020-11-05,huile_olive,nord,6,1420,1550,1485,130,dataset_3
2020-11-05,huile_olive,sahel,6,1020,1050,1035,30,dataset_3
2020-11-05,huile_olive,sfax,3,1000,1150,1075,150,dataset_3
2020-11-05,huile_olive,sud,2,1370,1370,1370,0,dataset_3
2020-11-06,huile_olive,centre,6,1300,1550,1425,250,dataset_3
2020-11-06,huile_olive,nord,5,1300,1600,1450,300,dataset_3
2020-11-06,huile_olive,sahel,5,1040,1350,1195,310,dataset_3
2020-11-06,huile_olive,sfax,5,1060,1200,1130,140,dataset_3
2020-11-06,huile_olive,sud,8,1400,1430,1415,30,dataset_3
2020-11-08,huile_olive,centre,3,1200,1300,1250,100,dataset_3
2020-11-08,huile_olive,nord,6,1200,1500,1350,300,dataset_3
2020-11-08,huile_olive,sahel,5,1020,1050,1035,30,dataset_3
2020-11-08,huile_olive,sfax,9,1100,1120,1110,20,dataset_3
2020-11-08,huile_olive,sud,5,1170,1320,1245,150,dataset_3
2020-11-09,huile_olive,centre,11,1100,1550,1325,450,dataset_3
2020-11-09,huile_olive,sahel,2,1050,1050,1050,0,dataset_3
2020-11-09,huile_olive,sfax,20,1020,1200,1110,180,dataset_3
2020-11-09,huile_olive,sud,2,1450,1450,1450,0,dataset_3
2020-11-10,huile_olive,centre,6,1150,1250,1200,100,dataset_3
2020-11-10,huile_olive,nord,2,1350,1350,1350,0,dataset_3
2020-11-10,huile_olive,sahel,9,1050,1070,1060,20,dataset_3
2020-11-10,huile_olive,sfax,14,1050,1370,1210,320,dataset_3
2020-11-10,huile_olive,sud,5,1200,1300,1250,100,dataset_3
2020-11-11,huile_olive,centre,11,1000,1500,1250,500,dataset_3
2020-11-11,huile_olive,nord,4,1500,1500,1500,0,dataset_3
2020-11-11,huile_olive,sahel,12,1050,1100,1075,50,dataset_3
2020-11-11,huile_olive,sfax,12,1160,1350,1255,190,dataset_3
2020-11-11,huile_olive,sud,4,1370,1500,1435,130,dataset_3
2020-11-12,huile_olive,centre,9,1000,1550,1275,550,dataset_3
2020-11-12,huile_olive,nord,4,1400,1600,1500,200,dataset_3
2020-11-12,huile_olive,sahel,9,1060,1100,1080,40,dataset_3
2020-11-12,huile_olive,sfax,14,1070,1550,1310,480,dataset_3
2020-11-12,huile_olive,sud,2,1400,1600,1500,200,dataset_3
2020-11-13,huile_olive,centre,9,1000,1420,1210,420,dataset_3
2020-11-13,huile_olive,nord,2,1300,1470,1385,170,dataset_3
2020-11-13,huile_olive,sahel,5,1030,1100,1065,70,dataset_3
2020-11-13,huile_olive,sfax,20,1000,1300,1150,300,dataset_3
2020-11-14,huile_olive,centre,8,1000,1500,1250,500,dataset_3
2020-11-14,huile_olive,nord,6,1550,1550,1550,0,dataset_3
2020-11-14,huile_olive,sahel,6,1060,1070,1065,10,dataset_3
2020-11-14,huile_olive,sfax,15,1060,1450,1255,390,dataset_3
2020-11-14,huile_olive,sud,4,1400,1450,1425,50,dataset_3
2020-11-15,huile_olive,centre,9,1020,1480,1250,460,dataset_3
2020-11-15,huile_olive,nord,6,1400,1570,1485,170,dataset_3
2020-11-15,huile_olive,sahel,9,1000,1100,1050,100,dataset_3
2020-11-15,huile_olive,sfax,14,1020,1460,1240,440,dataset_3
2020-11-15,huile_olive,sud,3,1300,1450,1375,150,dataset_3
2020-11-16,huile_olive,centre,17,1080,1600,1340,520,dataset_3
2020-11-16,huile_olive,sahel,4,1070,1100,1085,30,dataset_3
2020-11-16,huile_olive,sfax,11,1080,1150,1115,70,dataset_3
2020-11-16,huile_olive,sud,2,1350,1350,1350,0,dataset_3
2020-11-17,huile_olive,centre,6,1200,1350,1275,150,dataset_3
2020-11-17,huile_olive,nord,2,1600,1600,1600,0,dataset_3
2020-11-17,huile_olive,sahel,6,1070,1100,1085,30,dataset_3
2020-11-17,huile_olive,sfax,15,1070,1200,1135,130,dataset_3
2020-11-17,huile_olive,sud,3,1470,1600,1535,130,dataset_3
2020-11-18,huile_olive,centre,12,1300,1730,1515,430,dataset_3
2020-11-18,huile_olive,nord,6,1700,1700,1700,0,dataset_3
2020-11-18,huile_olive,sahel,5,1100,1150,1125,50,dataset_3
2020-11-18,huile_olive,sfax,11,1170,1200,1185,30,dataset_3
2020-11-18,huile_olive,sud,5,1400,1700,1550,300,dataset_3
2020-11-19,huile_olive,centre,11,1150,1750,1450,600,dataset_3
2020-11-19,huile_olive,sahel,5,1120,1170,1145,50,dataset_3
2020-11-19,huile_olive,sfax,14,1100,1200,1150,100,dataset_3
2020-11-19,huile_olive,sud,6,1870,1870,1870,0,dataset_3
2020-11-20,huile_olive,centre,14,1150,1700,1425,550,dataset_3
2020-11-20,huile_olive,nord,5,1750,1750,1750,0,dataset_3
2020-11-20,huile_olive,sahel,5,1160,1200,1180,40,dataset_3
2020-11-20,huile_olive,sfax,8,1150,1200,1175,50,dataset_3
2020-11-21,huile_olive,centre,23,1150,1800,1475,650,dataset_3
2020-11-21,huile_olive,nord,2,1670,1670,1670,0,dataset_3
2020-11-21,huile_olive,sfax,9,1150,1200,1175,50,dataset_3
2020-11-22,huile_olive,centre,18,1200,1700,1450,500,dataset_3
2020-11-22,huile_olive,nord,6,1460,1550,1505,90,dataset_3
2020-11-22,huile_olive,sahel,3,1150,1150,1150,0,dataset_3
2020-11-22,huile_olive,sfax,6,1120,1200,1160,80,dataset_3
2020-11-22,huile_olive,sud,3,1380,1380,1380,0,dataset_3
2020-11-23,huile_olive,centre,2,1250,1750,1500,500,dataset_3
2020-11-23,huile_olive,nord,6,1300,1500,1400,200,dataset_3
2020-11-23,huile_olive,sahel,3,1000,1200,1100,200,dataset_3
2020-11-23,huile_olive,sfax,5,1100,1200,1150,100,dataset_3
2020-11-23,huile_olive,sud,11,1420,1420,1420,0,dataset_3
2020-11-24,huile_olive,centre,14,1150,1780,1465,630,dataset_3
2020-11-24,huile_olive,sahel,3,1200,1200,1200,0,dataset_3
2020-11-24,huile_olive,sfax,6,1100,1200,1150,100,dataset_3
2020-11-24,huile_olive,sud,3,1720,1760,1740,40,dataset_3
2020-11-25,huile_olive,centre,12,1400,1630,1515,230,dataset_3
2020-11-25,huile_olive,nord,2,1500,1500,1500,0,dataset_3
2020-11-25,huile_olive,sahel,3,1170,1200,1185,30,dataset_3
2020-11-25,huile_olive,sfax,2,1100,1200,1150,100,dataset_3
2020-11-26,huile_olive,centre,11,1170,1700,1435,530,dataset_3
2020-11-26,huile_olive,nord,5,1550,1550,1550,0,dataset_3
2020-11-26,huile_olive,sfax,4,1050,1200,1125,150,dataset_3
2020-11-27,huile_olive,centre,9,1350,1600,1475,250,dataset_3
2020-11-27,huile_olive,nord,2,1750,1750,1750,0,dataset_3
2020-11-27,huile_olive,sfax,3,1200,1200,1200,0,dataset_3
2020-11-27,huile_olive,sud,3,1600,1650,1625,50,dataset_3
2020-11-28,huile_olive,centre,15,1100,1650,1375,550,dataset_3
2020-11-28,huile_olive,nord,2,1650,1650,1650,0,dataset_3
2020-11-28,huile_olive,sfax,2,1200,1250,1225,50,dataset_3
2020-11-28,huile_olive,sud,2,1600,1600,1600,0,dataset_3
2020-11-29,huile_olive,centre,12,1150,1600,1375,450,dataset_3
2020-11-29,huile_olive,nord,5,1450,1700,1575,250,dataset_3
2020-11-29,huile_olive,sahel,3,1100,1250,1175,150,dataset_3
2020-11-29,huile_olive,sfax,5,1200,1200,1200,0,dataset_3
2020-11-29,huile_olive,sud,2,1500,1500,1500,0,dataset_3
2020-11-30,huile_olive,centre,17,1200,1700,1450,500,dataset_3
2020-11-30,huile_olive,nord,2,1500,1500,1500,0,dataset_3
2020-11-30,huile_olive,sahel,5,1150,1300,1225,150,dataset_3
2020-11-30,huile_olive,sfax,6,1100,1200,1150,100,dataset_3
2020-11-30,huile_olive,sud,2,1600,1600,1600,0,dataset_3
2020-12-01,huile_olive,centre,30,1100,1780,1440,680,dataset_3
2020-12-01,huile_olive,sahel,3,1200,1200,1200,0,dataset_3
2020-12-01,huile_olive,sfax,9,1200,1200,1200,0,dataset_3
2020-12-01,huile_olive,sud,3,1470,1800,1635,330,dataset_3
2020-12-02,huile_olive,centre,36,1100,1800,1450,700,dataset_3
2020-12-02,huile_olive,sfax,9,1100,1200,1150,100,dataset_3
2020-12-02,huile_olive,sud,2,1500,1500,1500,0,dataset_3
2020-12-03,huile_olive,centre,24,1100,1710,1405,610,dataset_3
2020-12-03,huile_olive,sahel,3,1150,1150,1150,0,dataset_3
2020-12-03,huile_olive,sfax,12,1200,1200,1200,0,dataset_3
2020-12-04,huile_olive,centre,36,1100,1700,1400,600,dataset_3
2020-12-04,huile_olive,nord,2,1950,1950,1950,0,dataset_3
2020-12-04,huile_olive,sahel,5,1100,1220,1160,120,dataset_3
2020-12-04,huile_olive,sfax,12,1180,1200,1190,20,dataset_3
2020-12-05,huile_olive,centre,29,1320,1750,1535,430,dataset_3
2020-12-05,huile_olive,nord,6,1650,1750,1700,100,dataset_3
2020-12-05,huile_olive,sahel,2,1150,1150,1150,0,dataset_3
2020-12-05,huile_olive,sfax,9,1200,1200,1200,0,dataset_3
2020-12-06,huile_olive,centre,33,1250,1760,1505,510,dataset_3
2020-12-06,huile_olive,sahel,3,1500,1650,1575,150,dataset_3
2020-12-06,huile_olive,sfax,12,1150,1200,1175,50,dataset_3
2020-12-07,huile_olive,centre,28,1100,1700,1400,600,dataset_3
2020-12-07,huile_olive,nord,2,1500,1500,1500,0,dataset_3
2020-12-07,huile_olive,sahel,3,1100,13002,7051,11902,dataset_3
2020-12-07,huile_olive,sfax,9,1200,1200,1200,0,dataset_3
2020-12-07,huile_olive,sud,3,1450,1600,1525,150,dataset_3
2020-12-08,huile_olive,centre,35,1200,1960,1580,760,dataset_3
2020-12-08,huile_olive,nord,3,1500,1550,1525,50,dataset_3
2020-12-08,huile_olive,sahel,9,1150,1200,1175,50,dataset_3
2020-12-08,huile_olive,sfax,12,1200,1200,1200,0,dataset_3
2020-12-08,huile_olive,sud,2,1750,1750,1750,0,dataset_3
2020-12-09,huile_olive,centre,27,1270,1710,1490,440,dataset_3
2020-12-09,huile_olive,nord,3,1500,1560,1530,60,dataset_3
2020-12-09,huile_olive,sahel,9,1180,1200,1190,20,dataset_3
2020-12-09,huile_olive,sfax,9,1200,1200,1200,0,dataset_3
2020-12-09,huile_olive,sud,3,1550,1700,1625,150,dataset_3
2020-12-10,huile_olive,centre,35,1250,1700,1475,450,dataset_3
2020-12-10,huile_olive,nord,2,1750,1750,1750,0,dataset_3
2020-12-10,huile_olive,sahel,5,1200,1230,1215,30,dataset_3
2020-12-10,huile_olive,sfax,8,1200,1200,1200,0,dataset_3
2020-12-10,huile_olive,sud,2,1450,1450,1450,0,dataset_3
2020-12-11,huile_olive,centre,35,1350,1680,1515,330,dataset_3
2020-12-11,huile_olive,sahel,5,1250,1250,1250,0,dataset_3
2020-12-11,huile_olive,sfax,6,1200,1250,1225,50,dataset_3
2020-12-11,huile_olive,sud,3,1600,1700,1650,100,dataset_3
2020-12-12,huile_olive,centre,33,1120,1690,1405,570,dataset_3
2020-12-12,huile_olive,nord,2,1500,1500,1500,0,dataset_3
2020-12-12,huile_olive,sahel,5,1300,1300,1300,0,dataset_3
2020-12-12,huile_olive,sfax,3,1200,1600,1400,400,dataset_3
2020-12-13,huile_olive,centre,33,1120,1690,1405,570,dataset_3
2020-12-13,huile_olive,nord,2,1500,1500,1500,0,dataset_3
2020-12-13,huile_olive,sahel,5,1300,1300,1300,0,dataset_3
2020-12-13,huile_olive,sfax,3,1200,1600,1400,400,dataset_3
2020-12-14,huile_olive,centre,24,1250,1750,1500,500,dataset_3
2020-12-14,huile_olive,nord,3,1350,1520,1435,170,dataset_3
2020-12-14,huile_olive,sahel,6,1200,1300,1250,100,dataset_3
2020-12-14,huile_olive,sfax,6,1200,1300,1250,100,dataset_3
2020-12-14,huile_olive,sud,3,1500,1700,1600,200,dataset_3
2020-12-15,huile_olive,centre,36,1500,1700,1600,200,dataset_3
2020-12-15,huile_olive,nord,2,1550,1550,1550,0,dataset_3
2020-12-15,huile_olive,sahel,3,1320,1330,1325,10,dataset_3
2020-12-15,huile_olive,sfax,6,1500,1550,1525,50,dataset_3
2020-12-15,huile_olive,sud,5,1680,1800,1740,120,dataset_3
2020-12-16,huile_olive,centre,30,1350,1750,1550,400,dataset_3
2020-12-16,huile_olive,nord,3,1650,1650,1650,0,dataset_3
2020-12-16,huile_olive,sahel,3,1350,1350,1350,0,dataset_3
2020-12-16,huile_olive,sfax,6,1300,1650,1475,350,dataset_3
2020-12-16,huile_olive,sud,3,1730,1780,1755,50,dataset_3
2020-12-17,huile_olive,centre,30,1400,1750,1575,350,dataset_3
2020-12-17,huile_olive,sahel,6,1350,1350,1350,0,dataset_3
2020-12-17,huile_olive,sfax,5,1400,1600,1500,200,dataset_3
2020-12-18,huile_olive,centre,42,1400,1750,1575,350,dataset_3
2020-12-18,huile_olive,sahel,3,1320,1320,1320,0,dataset_3
2020-12-18,huile_olive,sfax,12,1250,1550,1400,300,dataset_3
2020-12-19,huile_olive,centre,33,1450,1820,1635,370,dataset_3
2020-12-19,huile_olive,sahel,2,1330,1330,1330,0,dataset_3
2020-12-19,huile_olive,sfax,3,1400,1650,1525,250,dataset_3
2020-12-19,huile_olive,sud,2,1750,1750,1750,0,dataset_3
2020-12-20,huile_olive,centre,35,1360,1800,1580,440,dataset_3
2020-12-20,huile_olive,sahel,2,1350,1350,1350,0,dataset_3
2020-12-20,huile_olive,sfax,5,1300,1600,1450,300,dataset_3
2020-12-20,huile_olive,sud,3,1600,1720,1660,120,dataset_3
2020-12-21,huile_olive,centre,32,1500,1700,1600,200,dataset_3
2020-12-21,huile_olive,sahel,2,1250,1250,1250,0,dataset_3
2020-12-21,huile_olive,sfax,6,1250,1500,1375,250,dataset_3
2020-12-21,huile_olive,sud,2,1700,1700,1700,0,dataset_3
2020-12-22,huile_olive,centre,42,1350,1700,1525,350,dataset_3
2020-12-22,huile_olive,sfax,5,1200,1500,1350,300,dataset_3
2020-12-23,huile_olive,centre,24,1400,1750,1575,350,dataset_3
2020-12-23,huile_olive,sfax,8,1300,1550,1425,250,dataset_3
2020-12-23,huile_olive,sud,2,1650,1650,1650,0,dataset_3
2020-12-24,huile_olive,centre,23,1600,1650,1625,50,dataset_3
2020-12-24,huile_olive,sud,2,1700,1700,1700,0,dataset_3
2020-12-25,huile_olive,centre,26,1300,1700,1500,400,dataset_3
2020-12-25,huile_olive,sfax,6,1450,1500,1475,50,dataset_3
2020-12-26,huile_olive,centre,23,1400,1750,1575,350,dataset_3
2020-12-26,huile_olive,sahel,3,1300,1300,1300,0,dataset_3
2020-12-26,huile_olive,sud,2,1750,1750,1750,0,dataset_3
2020-12-27,huile_olive,centre,18,1400,1760,1580,360,dataset_3
2020-12-27,huile_olive,sahel,2,1320,1320,1320,0,dataset_3
2020-12-27,huile_olive,sfax,3,1350,1550,1450,200,dataset_3
2020-12-28,huile_olive,centre,24,1350,1750,1550,400,dataset_3
2020-12-28,huile_olive,sfax,9,1200,1520,1360,320,dataset_3
2020-12-28,huile_olive,sud,2,1650,1650,1650,0,dataset_3
2020-12-29,huile_olive,centre,21,1200,1500,1350,300,dataset_3
2020-12-29,huile_olive,sfax,5,1200,1500,1350,300,dataset_3
2020-12-30,huile_olive,centre,27,1450,1820,1635,370,dataset_3
2020-12-30,huile_olive,sfax,3,1300,1600,1450,300,dataset_3
2020-12-30,huile_olive,sud,3,1820,1820,1820,0,dataset_3
2020-12-31,huile_olive,centre,24,1670,1830,1750,160,dataset_3
2020-12-31,huile_olive,sahel,2,1400,1400,1400,0,dataset_3
2020-12-31,huile_olive,sfax,3,1450,1650,1550,200,dataset_3
2020-12-31,huile_olive,sud,3,1820,1820,1820,0,dataset_3
2021-01-01,huile_olive,centre,17,1450,1820,1635,370,dataset_3
2021-01-01,huile_olive,sfax,3,1400,1670,1535,270,dataset_3
2021-01-02,huile_olive,centre,21,1850,2030,1940,180,dataset_3
2021-01-02,huile_olive,sahel,2,1500,1500,1500,0,dataset_3
2021-01-02,huile_olive,sfax,3,1300,1400,1350,100,dataset_3
2021-01-02,huile_olive,sud,3,1850,2030,1940,180,dataset_3
2021-01-03,huile_olive,centre,24,1600,1940,1770,340,dataset_3
2021-01-03,huile_olive,sahel,2,1400,1400,1400,0,dataset_3
2021-01-03,huile_olive,sfax,5,1350,1500,1425,150,dataset_3
2021-01-03,huile_olive,sud,3,1900,1900,1900,0,dataset_3
2021-01-04,huile_olive,centre,24,1500,1950,1725,450,dataset_3
2021-01-04,huile_olive,sfax,3,1400,1520,1460,120,dataset_3
2021-01-04,huile_olive,sud,2,1630,1630,1630,0,dataset_3
2021-01-05,huile_olive,centre,32,1500,2050,1775,550,dataset_3
2021-01-05,huile_olive,sfax,8,1400,1920,1660,520,dataset_3
2021-01-05,huile_olive,sud,2,1980,1980,1980,0,dataset_3
2021-01-06,huile_olive,centre,50,1800,2050,1925,250,dataset_3
2021-01-06,huile_olive,sahel,3,1470,1500,1485,30,dataset_3
2021-01-06,huile_olive,sfax,2,1650,1650,1650,0,dataset_3
2021-01-07,huile_olive,centre,48,1800,1920,1860,120,dataset_3
2021-01-07,huile_olive,sahel,3,1500,1500,1500,0,dataset_3
2021-01-08,huile_olive,centre,36,1600,2000,1800,400,dataset_3
2021-01-08,huile_olive,sahel,3,1550,1600,1575,50,dataset_3
2021-01-09,huile_olive,centre,42,1600,1950,1775,350,dataset_3
2021-01-09,huile_olive,sahel,3,1550,1600,1575,50,dataset_3
2021-01-10,huile_olive,centre,33,1600,1980,1790,380,dataset_3
2021-01-10,huile_olive,sahel,3,1500,1630,1565,130,dataset_3
2021-01-11,huile_olive,centre,48,1550,1940,1745,390,dataset_3
2021-01-11,huile_olive,sfax,2,2000,2000,2000,0,dataset_3
2021-01-12,huile_olive,centre,37,1600,2000,1800,400,dataset_3
2021-01-13,huile_olive,centre,41,1650,1960,1805,310,dataset_3
2021-01-14,huile_olive,centre,9,1650,1950,1800,300,dataset_3
2021-01-14,huile_olive,sfax,2,1750,1750,1750,0,dataset_3
2021-01-15,huile_olive,centre,6,1550,1800,1675,250,dataset_3
2021-01-15,huile_olive,sfax,3,1500,1600,1550,100,dataset_3
2021-01-16,huile_olive,centre,16,1700,1880,1790,180,dataset_3
2021-01-16,huile_olive,sfax,2,1600,1600,1600,0,dataset_3
2021-01-17,huile_olive,centre,18,1600,1900,1750,300,dataset_3
2021-01-17,huile_olive,sfax,3,1580,1660,1620,80,dataset_3
2021-01-18,huile_olive,centre,27,1600,1900,1750,300,dataset_3
2021-01-18,huile_olive,sahel,2,1530,1530,1530,0,dataset_3
2021-01-19,huile_olive,centre,30,1700,1900,1800,200,dataset_3
2021-01-19,huile_olive,sahel,3,1520,1680,1600,160,dataset_3
2021-01-19,huile_olive,sfax,5,1900,1900,1900,0,dataset_3
2021-01-20,huile_olive,centre,30,1670,1920,1795,250,dataset_3
2021-01-20,huile_olive,sahel,2,1650,1650,1650,0,dataset_3
2021-01-21,huile_olive,centre,27,1610,1920,1765,310,dataset_3
2021-01-21,huile_olive,sahel,3,1520,1600,1560,80,dataset_3
2021-01-22,huile_olive,centre,33,1650,1940,1795,290,dataset_3
2021-01-23,huile_olive,centre,24,1640,2000,1820,360,dataset_3
2021-01-24,huile_olive,centre,21,1620,1980,1800,360,dataset_3
2021-01-25,huile_olive,centre,14,1600,1820,1710,220,dataset_3
2021-01-26,huile_olive,centre,8,1850,1950,1900,100,dataset_3
2021-01-27,huile_olive,centre,14,1850,2000,1925,150,dataset_3
2021-01-28,huile_olive,centre,6,1600,1980,1790,380,dataset_3
2021-01-29,huile_olive,centre,8,1650,1900,1775,250,dataset_3
2021-10-31,huile_olive,centre,12,1050,1450,1250,400,dataset_4
2021-10-31,huile_olive,nord,2,1350,1350,1350,0,dataset_4
2021-10-31,huile_olive,sahel,2,1650,1650,1650,0,dataset_4
2021-10-31,huile_olive,sfax,19,1000,1500,1250,500,dataset_4
2021-10-31,huile_olive,sud,2,1650,1650,1650,0,dataset_4
2021-11-01,huile_olive,centre,15,1030,1450,1240,420,dataset_4
2021-11-01,huile_olive,sahel,2,1050,1050,1050,0,dataset_4
2021-11-01,huile_olive,sfax,15,1100,1800,1450,700,dataset_4
2021-11-02,huile_olive,centre,6,1000,1200,1100,200,dataset_4
2021-11-02,huile_olive,nord,2,1500,1500,1500,0,dataset_4
2021-11-02,huile_olive,sfax,18,1200,1900,1550,700,dataset_4
2021-11-03,huile_olive,centre,14,800,1600,1200,800,dataset_4
2021-11-03,huile_olive,sfax,19,1300,1620,1460,320,dataset_4
2021-11-04,huile_olive,centre,5,1450,1700,1575,250,dataset_4
2021-11-04,huile_olive,nord,2,1700,1700,1700,0,dataset_4
2021-11-04,huile_olive,sfax,21,1000,1700,1350,700,dataset_4
2021-11-05,huile_olive,centre,14,900,1800,1350,900,dataset_4
2021-11-05,huile_olive,nord,4,1800,1800,1800,0,dataset_4
2021-11-05,huile_olive,sfax,21,1000,1880,1440,880,dataset_4
2021-11-06,huile_olive,centre,6,1000,1700,1350,700,dataset_4
2021-11-06,huile_olive,nord,5,1850,1850,1850,0,dataset_4
2021-11-06,huile_olive,sahel,5,1300,1650,1475,350,dataset_4
2021-11-06,huile_olive,sfax,14,1200,1600,1400,400,dataset_4
2021-11-07,huile_olive,centre,3,1000,1600,1300,600,dataset_4
2021-11-07,huile_olive,nord,3,1900,1900,1900,0,dataset_4
2021-11-07,huile_olive,sahel,5,1600,1800,1700,200,dataset_4
2021-11-07,huile_olive,sfax,31,1250,1750,1500,500,dataset_4
2021-11-07,huile_olive,sud,2,1650,1650,1650,0,dataset_4
2021-11-08,huile_olive,centre,3,1400,1400,1400,0,dataset_4
2021-11-08,huile_olive,nord,3,1800,1800,1800,0,dataset_4
2021-11-08,huile_olive,sahel,2,1350,1350,1350,0,dataset_4
2021-11-08,huile_olive,sfax,23,1300,1760,1530,460,dataset_4
2021-11-09,huile_olive,centre,11,1400,2020,1710,620,dataset_4
2021-11-09,huile_olive,nord,5,1850,1850,1850,0,dataset_4
2021-11-09,huile_olive,sfax,31,1400,1800,1600,400,dataset_4
2021-11-10,huile_olive,centre,6,700,1850,1275,1150,dataset_4
2021-11-10,huile_olive,nord,8,1750,1750,1750,0,dataset_4
2021-11-10,huile_olive,sfax,26,1300,1750,1525,450,dataset_4
2021-11-11,huile_olive,centre,9,1200,1650,1425,450,dataset_4
2021-11-11,huile_olive,nord,8,1750,1750,1750,0,dataset_4
2021-11-11,huile_olive,sahel,2,1400,1400,1400,0,dataset_4
2021-11-11,huile_olive,sfax,41,1200,1800,1500,600,dataset_4
2021-11-12,huile_olive,centre,9,1700,1800,1750,100,dataset_4
2021-11-12,huile_olive,nord,5,1700,1700,1700,0,dataset_4
2021-11-12,huile_olive,sahel,2,1700,1700,1700,0,dataset_4
2021-11-12,huile_olive,sfax,20,1100,1700,1400,600,dataset_4
2021-11-13,huile_olive,centre,7,1000,1780,1390,780,dataset_4
2021-11-13,huile_olive,nord,3,1650,1650,1650,0,dataset_4
2021-11-13,huile_olive,sfax,17,1000,1700,1350,700,dataset_4
2021-11-14,huile_olive,centre,18,1550,1600,1575,50,dataset_4
2021-11-14,huile_olive,nord,12,1650,1700,1675,50,dataset_4
2021-11-14,huile_olive,sahel,2,1550,1550,1550,0,dataset_4
2021-11-14,huile_olive,sfax,33,1450,1700,1575,250,dataset_4
2021-11-15,huile_olive,centre,9,850,1600,1225,750,dataset_4
2021-11-15,huile_olive,nord,6,1750,1750,1750,0,dataset_4
2021-11-15,huile_olive,sahel,3,1600,1620,1610,20,dataset_4
2021-11-15,huile_olive,sfax,30,1250,1730,1490,480,dataset_4
2021-11-16,huile_olive,centre,12,1600,1900,1750,300,dataset_4
2021-11-16,huile_olive,nord,3,1750,1750,1750,0,dataset_4
2021-11-16,huile_olive,sahel,2,1630,1630,1630,0,dataset_4
2021-11-16,huile_olive,sfax,25,1050,1750,1400,700,dataset_4
2021-11-17,huile_olive,centre,8,1800,1900,1850,100,dataset_4
2021-11-17,huile_olive,nord,6,1800,1800,1800,0,dataset_4
2021-11-17,huile_olive,sahel,12,1420,1600,1510,180,dataset_4
2021-11-17,huile_olive,sfax,33,1300,1650,1475,350,dataset_4
2021-11-18,huile_olive,centre,12,1650,1920,1785,270,dataset_4
2021-11-18,huile_olive,nord,3,1670,1670,1670,0,dataset_4
2021-11-18,huile_olive,sahel,5,1520,1520,1520,0,dataset_4
2021-11-18,huile_olive,sfax,29,1250,1800,1525,550,dataset_4
2021-11-19,huile_olive,centre,12,1500,1850,1675,350,dataset_4
2021-11-19,huile_olive,sahel,14,1200,1720,1460,520,dataset_4
2021-11-19,huile_olive,sfax,21,1500,1800,1650,300,dataset_4
2021-11-20,huile_olive,centre,18,1100,1800,1450,700,dataset_4
2021-11-20,huile_olive,nord,8,1700,1700,1700,0,dataset_4
2021-11-20,huile_olive,sahel,3,1550,1550,1550,0,dataset_4
2021-11-20,huile_olive,sfax,23,800,1550,1175,750,dataset_4
2021-11-21,huile_olive,centre,20,1450,1870,1660,420,dataset_4
2021-11-21,huile_olive,nord,3,1700,1700,1700,0,dataset_4
2021-11-21,huile_olive,sahel,3,1450,1550,1500,100,dataset_4
2021-11-21,huile_olive,sfax,23,1370,1900,1635,530,dataset_4
2021-11-22,huile_olive,centre,29,950,1890,1420,940,dataset_4
2021-11-22,huile_olive,nord,6,1000,1000,1000,0,dataset_4
2021-11-22,huile_olive,sfax,32,1200,1870,1535,670,dataset_4
2021-11-22,huile_olive,sud,2,1720,1720,1720,0,dataset_4
2021-11-23,huile_olive,centre,26,1100,1820,1460,720,dataset_4
2021-11-23,huile_olive,nord,2,2000,2000,2000,0,dataset_4
2021-11-23,huile_olive,sfax,23,1480,1900,1690,420,dataset_4
2021-11-24,huile_olive,centre,26,1050,1750,1400,700,dataset_4
2021-11-24,huile_olive,sfax,27,800,1800,1300,1000,dataset_4
2021-11-25,huile_olive,centre,18,1300,1710,1505,410,dataset_4
2021-11-25,huile_olive,sfax,14,1300,1580,1440,280,dataset_4
2021-11-26,huile_olive,centre,23,1350,1850,1600,500,dataset_4
2021-11-26,huile_olive,nord,2,1500,1500,1500,0,dataset_4
2021-11-26,huile_olive,sfax,20,1220,1920,1570,700,dataset_4
2021-11-27,huile_olive,centre,23,1350,1850,1600,500,dataset_4
2021-11-27,huile_olive,nord,2,1500,1500,1500,0,dataset_4
2021-11-27,huile_olive,sfax,20,1220,1920,1570,700,dataset_4
2021-11-30,huile_olive,centre,12,1600,2100,1850,500,dataset_4
2021-11-30,huile_olive,sfax,12,1550,1900,1725,350,dataset_4
2021-12-04,huile_olive,centre,18,1700,2070,1885,370,dataset_4
2021-12-04,huile_olive,sfax,15,1250,2000,1625,750,dataset_4
2021-12-05,huile_olive,centre,17,1700,2150,1925,450,dataset_4
2021-12-05,huile_olive,sfax,35,1200,2200,1700,1000,dataset_4
2021-12-06,huile_olive,centre,18,1870,2100,1985,230,dataset_4
2021-12-06,huile_olive,sfax,27,1250,2150,1700,900,dataset_4
2021-12-06,huile_olive,sud,3,1700,2100,1900,400,dataset_4
2021-12-07,huile_olive,centre,30,1650,1900,1775,250,dataset_4
2021-12-07,huile_olive,sfax,35,1470,2000,1735,530,dataset_4
2021-12-08,huile_olive,centre,32,1600,1900,1750,300,dataset_4
2021-12-08,huile_olive,nord,3,2000,2000,2000,0,dataset_4
2021-12-08,huile_olive,sfax,27,1600,2050,1825,450,dataset_4
2021-12-08,huile_olive,sud,3,1600,2000,1800,400,dataset_4
2021-12-09,huile_olive,centre,23,1800,2000,1900,200,dataset_4
2021-12-09,huile_olive,sfax,26,1450,2000,1725,550,dataset_4
2021-12-09,huile_olive,sud,3,1600,1850,1725,250,dataset_4
2021-12-10,huile_olive,centre,35,1750,2050,1900,300,dataset_4
2021-12-10,huile_olive,sfax,27,1700,2150,1925,450,dataset_4
2021-12-11,huile_olive,centre,39,1700,2150,1925,450,dataset_4
2021-12-11,huile_olive,sfax,24,1000,2100,1550,1100,dataset_4
2021-12-12,huile_olive,centre,30,1760,2100,1930,340,dataset_4
2021-12-12,huile_olive,sfax,21,1300,2100,1700,800,dataset_4
2021-12-14,huile_olive,centre,27,1600,2080,1840,480,dataset_4
2021-12-14,huile_olive,sfax,14,1650,2050,1850,400,dataset_4
2021-12-14,huile_olive,sud,2,1650,1650,1650,0,dataset_4
2021-12-15,huile_olive,centre,5,1600,1850,1725,250,dataset_4
2021-12-15,huile_olive,sfax,16,900,2050,1475,1150,dataset_4
2021-12-16,huile_olive,centre,14,1500,2100,1800,600,dataset_4
2021-12-16,huile_olive,sfax,32,1600,2020,1810,420,dataset_4
2021-12-17,huile_olive,centre,15,1700,2100,1900,400,dataset_4
2021-12-17,huile_olive,sfax,32,1670,2100,1885,430,dataset_4
2021-12-18,huile_olive,centre,15,1700,2100,1900,400,dataset_4
2021-12-18,huile_olive,sfax,27,1250,2100,1675,850,dataset_4
2021-12-19,huile_olive,centre,20,1600,1960,1780,360,dataset_4
2021-12-19,huile_olive,sfax,33,1200,2100,1650,900,dataset_4
2021-12-20,huile_olive,centre,18,1700,2120,1910,420,dataset_4
2021-12-20,huile_olive,sfax,18,1300,2000,1650,700,dataset_4
2021-12-20,huile_olive,sud,3,1950,1950,1950,0,dataset_4
2021-12-21,huile_olive,centre,29,1700,2300,2000,600,dataset_4
2021-12-21,huile_olive,sfax,18,1650,2050,1850,400,dataset_4
2021-12-21,huile_olive,sud,2,2270,2270,2270,0,dataset_4
2021-12-22,huile_olive,centre,47,1750,2220,1985,470,dataset_4
2021-12-22,huile_olive,sfax,32,1750,2150,1950,400,dataset_4
2021-12-22,huile_olive,sud,2,1820,1820,1820,0,dataset_4
2021-12-23,huile_olive,centre,27,1750,2220,1985,470,dataset_4
2021-12-23,huile_olive,sfax,36,1450,2170,1810,720,dataset_4
2021-12-24,huile_olive,centre,35,1500,2200,1850,700,dataset_4
2021-12-24,huile_olive,sfax,27,1500,2200,1850,700,dataset_4
2021-12-24,huile_olive,sud,5,1800,2160,1980,360,dataset_4
2021-12-25,huile_olive,centre,21,1850,2270,2060,420,dataset_4
2021-12-25,huile_olive,sfax,20,1150,2100,1625,950,dataset_4
2021-12-25,huile_olive,sud,3,1670,2000,1835,330,dataset_4
2021-12-26,huile_olive,centre,29,1700,2280,1990,580,dataset_4
2021-12-26,huile_olive,sfax,26,1350,2250,1800,900,dataset_4
2021-12-26,huile_olive,sud,2,1800,1800,1800,0,dataset_4
2021-12-27,huile_olive,centre,26,1800,2250,2025,450,dataset_4
2021-12-27,huile_olive,sfax,26,1300,2320,1810,1020,dataset_4
2021-12-27,huile_olive,sud,3,2100,2400,2250,300,dataset_4
2021-12-28,huile_olive,centre,30,1750,2060,1905,310,dataset_4
2021-12-28,huile_olive,sfax,41,1300,2200,1750,900,dataset_4
2021-12-28,huile_olive,sud,3,2420,2420,2420,0,dataset_4
2021-12-29,huile_olive,centre,23,2050,2300,2175,250,dataset_4
2021-12-29,huile_olive,sfax,21,1650,2200,1925,550,dataset_4
2021-12-29,huile_olive,sud,2,1900,1900,1900,0,dataset_4
2021-12-30,huile_olive,centre,35,2050,2350,2200,300,dataset_4
2021-12-30,huile_olive,sfax,12,1500,2300,1900,800,dataset_4
2021-12-30,huile_olive,sud,8,2100,2400,2250,300,dataset_4
2021-12-31,huile_olive,centre,29,1500,2380,1940,880,dataset_4
2021-12-31,huile_olive,sfax,17,1450,2300,1875,850,dataset_4
2022-01-01,huile_olive,centre,9,2100,2200,2150,100,dataset_4
2022-01-01,huile_olive,sfax,14,1500,2300,1900,800,dataset_4
2022-01-02,huile_olive,centre,24,1870,2200,2035,330,dataset_4
2022-01-02,huile_olive,sfax,26,1880,2400,2140,520,dataset_4
2022-01-03,huile_olive,centre,23,2100,2250,2175,150,dataset_4
2022-01-03,huile_olive,sfax,15,1200,2400,1800,1200,dataset_4
2022-01-03,huile_olive,sud,3,2150,2150,2150,0,dataset_4
2022-01-04,huile_olive,centre,18,2050,2250,2150,200,dataset_4
2022-01-04,huile_olive,nord,2,2400,2400,2400,0,dataset_4
2022-01-04,huile_olive,sfax,14,1900,2350,2125,450,dataset_4
2022-01-05,huile_olive,centre,35,2100,2350,2225,250,dataset_4
2022-01-05,huile_olive,sfax,30,2050,2300,2175,250,dataset_4
2022-01-06,huile_olive,centre,18,2160,2250,2205,90,dataset_4
2022-01-06,huile_olive,sfax,23,1300,2380,1840,1080,dataset_4
2022-01-07,huile_olive,centre,24,2050,2150,2100,100,dataset_4
2022-01-07,huile_olive,sfax,15,1500,2300,1900,800,dataset_4
2022-01-08,huile_olive,centre,14,1650,2500,2075,850,dataset_4
2022-01-08,huile_olive,sfax,20,2100,2500,2300,400,dataset_4
2022-01-09,huile_olive,centre,20,2050,2200,2125,150,dataset_4
2022-01-09,huile_olive,sfax,5,1400,2250,1825,850,dataset_4
2022-01-10,huile_olive,centre,12,2200,2200,2200,0,dataset_4
2022-01-10,huile_olive,sfax,29,1600,2500,2050,900,dataset_4
2022-01-11,huile_olive,centre,15,1840,2310,2075,470,dataset_4
2022-01-11,huile_olive,sfax,3,2000,2130,2065,130,dataset_4
2022-01-12,huile_olive,centre,15,1840,2310,2075,470,dataset_4
2022-01-12,huile_olive,sfax,3,2000,2130,2065,130,dataset_4
2022-01-13,huile_olive,centre,14,2000,2050,2025,50,dataset_4
2022-01-13,huile_olive,sfax,20,1750,2300,2025,550,dataset_4
2022-01-14,huile_olive,centre,2,2000,2000,2000,0,dataset_4
2022-01-14,huile_olive,sfax,8,2000,2500,2250,500,dataset_4
2022-01-15,huile_olive,centre,6,1750,2000,1875,250,dataset_4
2022-01-15,huile_olive,sfax,6,1650,2300,1975,650,dataset_4
2022-01-16,huile_olive,centre,9,2150,2200,2175,50,dataset_4
2022-01-16,huile_olive,sfax,14,1800,2200,2000,400,dataset_4
2022-01-17,huile_olive,centre,3,2080,2250,2165,170,dataset_4
2022-01-17,huile_olive,sfax,14,1800,2300,2050,500,dataset_4
2022-01-18,huile_olive,centre,3,2080,2250,2165,170,dataset_4
2022-01-18,huile_olive,sfax,17,1800,2400,2100,600,dataset_4
2022-01-19,huile_olive,centre,11,2080,2450,2265,370,dataset_4
2022-01-19,huile_olive,sfax,20,1750,2400,2075,650,dataset_4
2022-01-20,huile_olive,centre,9,1900,2280,2090,380,dataset_4
2022-01-20,huile_olive,sfax,17,1670,2400,2035,730,dataset_4
2022-01-21,huile_olive,centre,6,2050,2100,2075,50,dataset_4
2022-01-21,huile_olive,sfax,18,1870,2350,2110,480,dataset_4
2022-01-22,huile_olive,centre,9,1800,2500,2150,700,dataset_4
2022-01-22,huile_olive,sfax,17,1800,2400,2100,600,dataset_4
2022-01-23,huile_olive,centre,6,2000,2300,2150,300,dataset_4
2022-01-23,huile_olive,sfax,17,1550,2450,2000,900,dataset_4
2022-01-24,huile_olive,centre,5,2300,2400,2350,100,dataset_4
2022-01-24,huile_olive,sfax,12,1600,2400,2000,800,dataset_4
2022-01-25,huile_olive,centre,2,2500,2500,2500,0,dataset_4
2022-01-25,huile_olive,sfax,17,1800,2300,2050,500,dataset_4
2022-01-26,huile_olive,sfax,6,1900,2100,2000,200,dataset_4
2022-01-27,huile_olive,sfax,6,1800,2150,1975,350,dataset_4
2022-01-28,huile_olive,sfax,13,1680,2350,2015,670,dataset_4
2022-01-29,huile_olive,sfax,18,1820,2300,2060,480,dataset_4
2022-01-30,huile_olive,sfax,6,1830,2200,2015,370,dataset_4
2024-11-04,huile_olive,kairouan,,1.5,2.5,2,1,dataset_5
2024-11-04,huile_olive,sfax,,2,3.5,2.75,1.5,dataset_5
2024-11-04,huile_olive,sidi_bouzid,,1.6,2.7,2.1500000000000004,1.1,dataset_5
2024-11-05,huile_olive,kairouan,,1,2,1.5,1,dataset_5
2024-11-05,huile_olive,sfax,,1.8,2,1.9,0.19999999999999996,dataset_5
2024-11-05,huile_olive,sidi_bouzid,,1.4,2,1.7,0.6000000000000001,dataset_5
2024-11-06,huile_olive,kairouan,,1,2,1.5,1,dataset_5
2024-11-06,huile_olive,sfax,,1.5,2,1.75,0.5,dataset_5
2024-11-06,huile_olive,sidi_bouzid,,1.3,2,1.65,0.7,dataset_5
2024-11-07,huile_olive,kairouan,,1.2,2,1.6,0.8,dataset_5
2024-11-07,huile_olive,sfax,,0.8,2.7,1.75,1.9000000000000001,dataset_5
2024-11-07,huile_olive,sidi_bouzid,,0.6,2,1.3,1.4,dataset_5
2024-11-08,huile_olive,kairouan,,1,2,1.5,1,dataset_5
2024-11-08,huile_olive,sfax,,1,2.7,1.85,1.7000000000000002,dataset_5
2024-11-08,huile_olive,sidi_bouzid,,0.5,2,1.25,1.5,dataset_5
2024-11-11,huile_olive,kairouan,,1,2.85,1.925,1.85,dataset_5
2024-11-11,huile_olive,sfax,,1,2.7,1.85,1.7000000000000002,dataset_5
2024-11-11,huile_olive,sidi_bouzid,,0.65,2,1.325,1.35,dataset_5
2024-11-12,huile_olive,kairouan,,1.2,2.85,2.025,1.6500000000000001,dataset_5
2024-11-12,huile_olive,sfax,,1.2,3.2,2.2,2,dataset_5
2024-11-12,huile_olive,sidi_bouzid,,0.57,2.2,1.385,1.6300000000000003,dataset_5
2024-11-13,huile_olive,kairouan,,1,2.85,1.925,1.85,dataset_5
2024-11-13,huile_olive,sfax,,1,3.2,2.1,2.2,dataset_5
2024-11-13,huile_olive,sidi_bouzid,,1.142,1.742,1.442,0.6000000000000001,dataset_5
2024-11-14,huile_olive,kairouan,,1,2.85,1.925,1.85,dataset_5
2024-11-14,huile_olive,sfax,,1,3.2,2.1,2.2,dataset_5
2024-11-14,huile_olive,sidi_bouzid,,1.127,1.919,1.5230000000000001,0.792,dataset_5
2024-11-15,huile_olive,kairouan,,1,2.85,1.925,1.85,dataset_5
2024-11-15,huile_olive,sfax,,1,3.5,2.25,2.5,dataset_5
2024-11-15,huile_olive,sidi_bouzid,,1.146,1.973,1.5594999999999999,0.8270000000000002,dataset_5
2024-11-16,huile_olive,sfax,,1,3.2,2.1,2.2,dataset_5
2024-11-17,huile_olive,kairouan,,1,2.5,1.75,1.5,dataset_5
2024-11-17,huile_olive,sfax,,1,3.2,2.1,2.2,dataset_5
2024-11-17,huile_olive,sidi_bouzid,,1.45,2.05,1.75,0.5999999999999999,dataset_5
2024-11-18,huile_olive,kairouan,,1.5,2.5,2,1,dataset_5
2024-11-18,huile_olive,sfax,,1,3.2,2.1,2.2,dataset_5
2024-11-18,huile_olive,sidi_bouzid,,1.188,2.091,1.6395,0.9030000000000002,dataset_5
2024-11-19,huile_olive,kairouan,,1,2.5,1.75,1.5,dataset_5
2024-11-19,huile_olive,sfax,,1,3.2,2.1,2.2,dataset_5
2024-11-19,huile_olive,sidi_bouzid,,1.313,2.159,1.7359999999999998,0.8459999999999999,dataset_5
2024-11-20,huile_olive,kairouan,,1.4,2.5,1.95,1.1,dataset_5
2024-11-20,huile_olive,sfax,,1,3.2,2.1,2.2,dataset_5
2024-11-20,huile_olive,sidi_bouzid,,1.332,2.219,1.7755,0.8869999999999998,dataset_5
2024-11-21,huile_olive,kairouan,,1.5,2.5,2,1,dataset_5
2024-11-21,huile_olive,sfax,,1,3.2,2.1,2.2,dataset_5
2024-11-21,huile_olive,sidi_bouzid,,1.212,2.277,1.7445,1.0650000000000002,dataset_5
2024-11-22,huile_olive,kairouan,,1.5,2.5,2,1,dataset_5
2024-11-22,huile_olive,sfax,,1.2,3,2.1,1.8,dataset_5
2024-11-22,huile_olive,sidi_bouzid,,1.298,2.112,1.705,0.8140000000000001,dataset_5
2024-11-25,huile_olive,kairouan,,1.5,2.5,2,1,dataset_5
2024-11-25,huile_olive,sfax,,1,3.2,2.1,2.2,dataset_5
2024-11-25,huile_olive,sidi_bouzid,,1.212,1.97,1.591,0.758,dataset_5
2024-11-26,huile_olive,kairouan,,1.4,2.5,1.95,1.1,dataset_5
2024-11-26,huile_olive,sfax,,1.1,3.2,2.1500000000000004,2.1,dataset_5
2024-11-26,huile_olive,sidi_bouzid,,1.251,2.036,1.6435,0.7850000000000001,dataset_5
2024-11-27,huile_olive,kairouan,,1.2,2.5,1.85,1.3,dataset_5
2024-11-27,huile_olive,sfax,,1,3.2,2.1,2.2,dataset_5
2024-11-27,huile_olive,sidi_bouzid,,1.253,2.034,1.6435,0.7809999999999999,dataset_5
2024-11-28,huile_olive,kairouan,,1,2.5,1.75,1.5,dataset_5
2024-11-28,huile_olive,sfax,,1,3.2,2.1,2.2,dataset_5
2024-11-28,huile_olive,sidi_bouzid,,1.202,1.974,1.588,0.772,dataset_5
2024-11-29,huile_olive,kairouan,,0.8,2.2,1.5,1.4000000000000001,dataset_5
2024-11-29,huile_olive,sfax,,1,2.2,1.6,1.2000000000000002,dataset_5
2024-11-29,huile_olive,sidi_bouzid,,1.134,1.843,1.4885,0.7090000000000001,dataset_5
2024-11-30,huile_olive,sfax,,1,2.2,1.6,1.2000000000000002,dataset_5
2024-12-02,huile_olive,kairouan,,0.8,2.2,1.5,1.4000000000000001,dataset_5
2024-12-02,huile_olive,sfax,,1,2,1.5,1,dataset_5
2024-12-02,huile_olive,sidi_bouzid,,0.915,1.527,1.221,0.6119999999999999,dataset_5
2024-12-03,huile_olive,kairouan,,0.8,2.2,1.5,1.4000000000000001,dataset_5
2024-12-03,huile_olive,sfax,,1,2,1.5,1,dataset_5
2024-12-03,huile_olive,sidi_bouzid,,1.033,1.723,1.3780000000000001,0.6900000000000002,dataset_5
2024-12-04,huile_olive,kairouan,,0.8,2.2,1.5,1.4000000000000001,dataset_5
2024-12-04,huile_olive,sfax,,1,2,1.5,1,dataset_5
2024-12-04,huile_olive,sidi_bouzid,,1.106,1.766,1.436,0.6599999999999999,dataset_5
2024-12-05,huile_olive,kairouan,,1,2.3,1.65,1.2999999999999998,dataset_5
2024-12-05,huile_olive,sfax,,1,2,1.5,1,dataset_5
2024-12-05,huile_olive,sidi_bouzid,,1.132,1.818,1.475,0.6860000000000002,dataset_5
2024-12-06,huile_olive,kairouan,,1,2.5,1.75,1.5,dataset_5
2024-12-06,huile_olive,sfax,,1,2,1.5,1,dataset_5
2024-12-06,huile_olive,sidi_bouzid,,1.119,1.818,1.4685000000000001,0.6990000000000001,dataset_5
2024-12-07,huile_olive,sfax,,1,2.2,1.6,1.2000000000000002,dataset_5
2024-12-08,huile_olive,sfax,,1,2.2,1.6,1.2000000000000002,dataset_5
2024-12-09,huile_olive,kairouan,,1,2.3,1.65,1.2999999999999998,dataset_5
2024-12-09,huile_olive,sfax,,1,2.1,1.55,1.1,dataset_5
2024-12-09,huile_olive,sidi_bouzid,,1.134,1.813,1.4735,0.679,dataset_5
2024-12-10,huile_olive,kairouan,,1,2.3,1.65,1.2999999999999998,dataset_5
2024-12-10,huile_olive,sfax,,1,2.2,1.6,1.2000000000000002,dataset_5
2024-12-10,huile_olive,sidi_bouzid,,1.134,1.783,1.4585,0.649,dataset_5
2024-12-11,huile_olive,kairouan,,1.3,2.3,1.7999999999999998,0.9999999999999998,dataset_5
2024-12-11,huile_olive,sfax,,1,2.2,1.6,1.2000000000000002,dataset_5
2024-12-11,huile_olive,sidi_bouzid,,1.148,1.661,1.4045,0.5130000000000001,dataset_5
2024-12-12,huile_olive,kairouan,,1,2.3,1.65,1.2999999999999998,dataset_5
2024-12-12,huile_olive,sfax,,1,2.2,1.6,1.2000000000000002,dataset_5
2024-12-12,huile_olive,sidi_bouzid,,1.082,1.819,1.4505,0.7369999999999999,dataset_5
2024-12-13,huile_olive,kairouan,,1,2.3,1.65,1.2999999999999998,dataset_5
2024-12-13,huile_olive,sfax,,1,2.2,1.6,1.2000000000000002,dataset_5
2024-12-13,huile_olive,sidi_bouzid,,1.103,1.724,1.4135,0.621,dataset_5
2024-12-14,huile_olive,kairouan,,1,1.8,1.4,0.8,dataset_5
2024-12-14,huile_olive,sfax,,1,2.2,1.6,1.2000000000000002,dataset_5
2024-12-14,huile_olive,sidi_bouzid,,1.034,1.5,1.267,0.46599999999999997,dataset_5
2024-12-15,huile_olive,kairouan,,0.7,2.2,1.4500000000000002,1.5000000000000002,dataset_5
2024-12-15,huile_olive,sfax,,1,2,1.5,1,dataset_5
2024-12-15,huile_olive,sidi_bouzid,,0.958,1.44,1.1989999999999998,0.482,dataset_5
2024-12-16,huile_olive,kairouan,,0.7,2.2,1.4500000000000002,1.5000000000000002,dataset_5
2024-12-16,huile_olive,sfax,,0.9,1.6,1.25,0.7000000000000001,dataset_5
2024-12-16,huile_olive,sidi_bouzid,,0.876,1.363,1.1195,0.487,dataset_5
2024-12-17,huile_olive,sfax,,0.9,1.6,1.25,0.7000000000000001,dataset_5
2024-12-17,huile_olive,sidi_bouzid,,0.918,1.336,1.127,0.41800000000000004,dataset_5
2024-12-18,huile_olive,kairouan,,0.7,2.2,1.4500000000000002,1.5000000000000002,dataset_5
2024-12-18,huile_olive,sfax,,0.9,1.6,1.25,0.7000000000000001,dataset_5
2024-12-18,huile_olive,sidi_bouzid,,0.897,1.347,1.1219999999999999,0.44999999999999996,dataset_5
2024-12-19,huile_olive,kairouan,,1,2.3,1.65,1.2999999999999998,dataset_5
2024-12-19,huile_olive,sfax,,0.9,1.6,1.25,0.7000000000000001,dataset_5
2024-12-19,huile_olive,sidi_bouzid,,1.03,1.597,1.3135,0.567,dataset_5
2024-12-20,huile_olive,kairouan,,1,2.2,1.6,1.2000000000000002,dataset_5
2024-12-20,huile_olive,sfax,,0.9,1.6,1.25,0.7000000000000001,dataset_5
2024-12-20,huile_olive,sidi_bouzid,,1.009,1.594,1.3014999999999999,0.5850000000000002,dataset_5
2024-12-21,huile_olive,sfax,,0.9,1.6,1.25,0.7000000000000001,dataset_5
2024-12-21,huile_olive,sidi_bouzid,,1.079,1.617,1.3479999999999999,0.538,dataset_5
2024-12-22,huile_olive,sfax,,1,1.7,1.35,0.7,dataset_5
2024-12-22,huile_olive,sidi_bouzid,,1.163,1.721,1.4420000000000002,0.558,dataset_5
2024-12-23,huile_olive,kairouan,,1,2.3,1.65,1.2999999999999998,dataset_5
2024-12-23,huile_olive,sfax,,1,2.3,1.65,1.2999999999999998,dataset_5
2024-12-23,huile_olive,sidi_bouzid,,1.161,1.816,1.4885000000000002,0.655,dataset_5
2024-12-24,huile_olive,kairouan,,1.2,2.3,1.75,1.0999999999999999,dataset_5
2024-12-24,huile_olive,sfax,,1.2,2.5,1.85,1.3,dataset_5
2024-12-24,huile_olive,sidi_bouzid,,1.211,1.979,1.5950000000000002,0.768,dataset_5
2024-12-25,huile_olive,kairouan,,1.2,2.3,1.75,1.0999999999999999,dataset_5
2024-12-25,huile_olive,sfax,,1.2,2.5,1.85,1.3,dataset_5
2024-12-25,huile_olive,sidi_bouzid,,1.2,1.815,1.5074999999999998,0.615,dataset_5
2024-12-26,huile_olive,kairouan,,1.3,2.3,1.7999999999999998,0.9999999999999998,dataset_5
2024-12-26,huile_olive,sfax,,1.2,2.5,1.85,1.3,dataset_5
2024-12-26,huile_olive,sidi_bouzid,,1.254,1.869,1.5615,0.615,dataset_5
2024-12-27,huile_olive,kairouan,,1.3,2.3,1.7999999999999998,0.9999999999999998,dataset_5
2024-12-27,huile_olive,sfax,,1.2,2.5,1.85,1.3,dataset_5
2024-12-27,huile_olive,sidi_bouzid,,1.19,1.821,1.5055,0.631,dataset_5
2024-12-30,huile_olive,kairouan,,1.3,2.3,1.7999999999999998,0.9999999999999998,dataset_5
2024-12-30,huile_olive,sfax,,1.2,2.5,1.85,1.3,dataset_5
2024-12-30,huile_olive,sidi_bouzid,,1.275,1.806,1.5405,0.5310000000000001,dataset_5
2024-12-31,huile_olive,kairouan,,1.5,2.3,1.9,0.7999999999999998,dataset_5
2024-12-31,huile_olive,sfax,,1.2,2.5,1.85,1.3,dataset_5
2024-12-31,huile_olive,sidi_bouzid,,1.262,1.89,1.576,0.6279999999999999,dataset_5
2025-01-02,huile_olive,sfax,,1.2,2.3,1.75,1.0999999999999999,dataset_5
2025-01-02,huile_olive,sidi_bouzid,,1.246,1.917,1.5815000000000001,0.671,dataset_5
2025-01-03,huile_olive,kairouan,,1.5,2.3,1.9,0.7999999999999998,dataset_5
2025-01-03,huile_olive,sfax,,1.2,2.3,1.75,1.0999999999999999,dataset_5
2025-01-03,huile_olive,sidi_bouzid,,1.249,1.967,1.608,0.718,dataset_5
2025-01-06,huile_olive,kairouan,,1.5,2.3,1.9,0.7999999999999998,dataset_5
2025-01-06,huile_olive,sfax,,1.3,2.3,1.7999999999999998,0.9999999999999998,dataset_5
2025-01-06,huile_olive,sidi_bouzid,,1.564,2.221,1.8925,0.657,dataset_5
2025-01-07,huile_olive,kairouan,,1.6,2.3,1.95,0.6999999999999997,dataset_5
2025-01-07,huile_olive,sfax,,1.3,2.3,1.7999999999999998,0.9999999999999998,dataset_5
2025-01-07,huile_olive,sidi_bouzid,,1.629,2.277,1.953,0.6480000000000001,dataset_5
2025-01-08,huile_olive,kairouan,,1.6,2.3,1.95,0.6999999999999997,dataset_5
2025-01-08,huile_olive,sfax,,1.3,2.3,1.7999999999999998,0.9999999999999998,dataset_5
2025-01-08,huile_olive,sidi_bouzid,,1.569,2.257,1.913,0.6880000000000002,dataset_5
2025-01-09,huile_olive,kairouan,,1.5,2.4,1.95,0.8999999999999999,dataset_5
2025-01-09,huile_olive,sfax,,1.4,3.5,2.45,2.1,dataset_5
2025-01-09,huile_olive,sidi_bouzid,,1.534,2.321,1.9275000000000002,0.7870000000000001,dataset_5
2025-01-10,huile_olive,kairouan,,1.7,2.4,2.05,0.7,dataset_5
2025-01-10,huile_olive,sfax,,1.4,3.5,2.45,2.1,dataset_5
2025-01-10,huile_olive,sidi_bouzid,,1.549,2.295,1.922,0.746,dataset_5
2025-01-13,huile_olive,kairouan,,1.8,2.5,2.15,0.7,dataset_5
2025-01-13,huile_olive,sfax,,1.5,3.5,2.5,2,dataset_5
2025-01-13,huile_olive,sidi_bouzid,,1.605,2.323,1.964,0.718,dataset_5
2025-01-14,huile_olive,kairouan,,1.7,3,2.35,1.3,dataset_5
2025-01-14,huile_olive,sfax,,1.6,3.5,2.55,1.9,dataset_5
2025-01-14,huile_olive,sidi_bouzid,,1.657,2.396,2.0265,0.7389999999999999,dataset_5
2025-01-15,huile_olive,kairouan,,2,3,2.5,1,dataset_5
2025-01-15,huile_olive,sfax,,1.6,3.5,2.55,1.9,dataset_5
2025-01-15,huile_olive,sidi_bouzid,,1.768,2.428,2.098,0.6599999999999999,dataset_5
2025-01-16,huile_olive,kairouan,,2,3,2.5,1,dataset_5
2025-01-16,huile_olive,sfax,,1.5,3,2.25,1.5,dataset_5
2025-01-16,huile_olive,sidi_bouzid,,1.701,2.477,2.089,0.7759999999999998,dataset_5
2025-01-17,huile_olive,kairouan,,2,3,2.5,1,dataset_5
2025-01-17,huile_olive,sfax,,1.6,3.2,2.4000000000000004,1.6,dataset_5
2025-01-17,huile_olive,sidi_bouzid,,1.814,2.469,2.1414999999999997,0.6549999999999998,dataset_5
2025-01-20,huile_olive,kairouan,,1.7,3,2.35,1.3,dataset_5
2025-01-20,huile_olive,sfax,,1.6,3.2,2.4000000000000004,1.6,dataset_5
2025-01-20,huile_olive,sidi_bouzid,,1.862,2.52,2.191,0.6579999999999999,dataset_5
2025-01-21,huile_olive,kairouan,,2,3,2.5,1,dataset_5
2025-01-21,huile_olive,sfax,,1.6,3.2,2.4000000000000004,1.6,dataset_5
2025-01-21,huile_olive,sidi_bouzid,,1.992,2.481,2.2365,0.4889999999999999,dataset_5
2025-01-22,huile_olive,kairouan,,2.3,3.4,2.8499999999999996,1.1,dataset_5
2025-01-22,huile_olive,sfax,,1.8,3.4,2.6,1.5999999999999999,dataset_5
2025-01-22,huile_olive,sidi_bouzid,,1.885,2.57,2.2275,0.6849999999999998,dataset_5
2025-01-23,huile_olive,kairouan,,1.7,3,2.35,1.3,dataset_5
2025-01-23,huile_olive,sfax,,1.8,3.2,2.5,1.4000000000000001,dataset_5
2025-01-23,huile_olive,sidi_bouzid,,1.913,2.605,2.259,0.692,dataset_5
2025-01-24,huile_olive,kairouan,,1.7,3,2.35,1.3,dataset_5
2025-01-24,huile_olive,sfax,,1.8,3.2,2.5,1.4000000000000001,dataset_5
2025-01-24,huile_olive,sidi_bouzid,,1.953,2.615,2.2840000000000003,0.6620000000000001,dataset_5
2025-01-27,huile_olive,kairouan,,2,2.6,2.3,0.6000000000000001,dataset_5
2025-01-27,huile_olive,sfax,,1.8,3,2.4,1.2,dataset_5
2025-01-27,huile_olive,sidi_bouzid,,1.863,2.584,2.2235,0.7210000000000001,dataset_5
2025-01-28,huile_olive,kairouan,,1.8,2.7,2.25,0.9000000000000001,dataset_5
2025-01-28,huile_olive,sfax,,1.8,2.5,2.15,0.7,dataset_5
2025-01-28,huile_olive,sidi_bouzid,,1.863,2.586,2.2245,0.7229999999999999,dataset_5
2025-01-29,huile_olive,kairouan,,1.8,2.6,2.2,0.8,dataset_5
2025-01-29,huile_olive,sfax,,1.8,2.5,2.15,0.7,dataset_5
2025-01-29,huile_olive,sidi_bouzid,,1.912,2.565,2.2385,0.653,dataset_5
2025-01-30,huile_olive,kairouan,,1.8,2.5,2.15,0.7,dataset_5
2025-01-30,huile_olive,sfax,,1.8,2.5,2.15,0.7,dataset_5
2025-01-30,huile_olive,sidi_bouzid,,1.838,2.496,2.167,0.6579999999999999,dataset_5
2025-01-31,huile_olive,kairouan,,1.8,2.6,2.2,0.8,dataset_5
2025-01-31,huile_olive,sfax,,1.7,3,2.35,1.3,dataset_5
2025-01-31,huile_olive,sidi_bouzid,,1.869,2.468,2.1685,0.599,dataset_5
2025-02-03,huile_olive,kairouan,,1.8,2.8,2.3,0.9999999999999998,dataset_5
2025-02-03,huile_olive,sfax,,1.7,2.4,2.05,0.7,dataset_5
2025-02-03,huile_olive,sidi_bouzid,,1.858,2.36,2.109,0.5019999999999998,dataset_5
2025-02-04,huile_olive,kairouan,,1.9,2.8,2.3499999999999996,0.8999999999999999,dataset_5
2025-02-04,huile_olive,sfax,,1.7,2.4,2.05,0.7,dataset_5
2025-02-04,huile_olive,sidi_bouzid,,1.873,2.36,2.1165,0.4869999999999999,dataset_5
2025-02-05,huile_olive,kairouan,,2,2.8,2.4,0.7999999999999998,dataset_5
2025-02-05,huile_olive,sfax,,1.7,2.4,2.05,0.7,dataset_5
2025-02-05,huile_olive,sidi_bouzid,,1.857,2.319,2.088,0.46199999999999997,dataset_5
2025-02-06,huile_olive,kairouan,,2,2.6,2.3,0.6000000000000001,dataset_5
2025-02-06,huile_olive,sfax,,1.7,2.4,2.05,0.7,dataset_5
2025-02-06,huile_olive,sidi_bouzid,,1.867,2.376,2.1215,0.5089999999999999,dataset_5
2025-02-07,huile_olive,kairouan,,1.9,2.6,2.25,0.7000000000000002,dataset_5
2025-02-07,huile_olive,sfax,,1.7,2.4,2.05,0.7,dataset_5
2025-02-07,huile_olive,sidi_bouzid,,1.862,2.368,2.115,0.5059999999999998,dataset_5
2025-02-08,huile_olive,sfax,,1.7,2.4,2.05,0.7,dataset_5
2025-02-09,huile_olive,sfax,,1.7,2.4,2.05,0.7,dataset_5
2025-02-10,huile_olive,kairouan,,1.9,2.8,2.3499999999999996,0.8999999999999999,dataset_5
2025-02-10,huile_olive,sfax,,1.7,2.5,2.1,0.8,dataset_5
2025-02-10,huile_olive,sidi_bouzid,,1.881,2.36,2.1205,0.47899999999999987,dataset_5
2025-02-11,huile_olive,kairouan,,1.8,2.5,2.15,0.7,dataset_5
2025-02-11,huile_olive,sfax,,1.7,2.5,2.1,0.8,dataset_5
2025-02-11,huile_olive,sidi_bouzid,,1.881,2.36,2.1205,0.47899999999999987,dataset_5
2025-02-12,huile_olive,kairouan,,1.6,2.5,2.05,0.8999999999999999,dataset_5
2025-02-12,huile_olive,sfax,,1.7,2.4,2.05,0.7,dataset_5
2025-02-12,huile_olive,sidi_bouzid,,1.856,2.383,2.1195,0.5269999999999999,dataset_5
2025-02-13,huile_olive,kairouan,,1.7,2.5,2.1,0.8,dataset_5
2025-02-13,huile_olive,sfax,,1.6,2.6,2.1,1,dataset_5
2025-02-13,huile_olive,sidi_bouzid,,1.872,2.359,2.1155,0.4869999999999999,dataset_5
2025-02-14,huile_olive,kairouan,,1.7,2.5,2.1,0.8,dataset_5
2025-02-14,huile_olive,sfax,,1.7,2.6,2.15,0.9000000000000001,dataset_5
2025-02-14,huile_olive,sidi_bouzid,,1.848,2.347,2.0975,0.4989999999999999,dataset_5
2025-02-17,huile_olive,kairouan,,1.8,2.5,2.15,0.7,dataset_5
2025-02-17,huile_olive,sfax,,1.7,2.5,2.1,0.8,dataset_5
2025-02-17,huile_olive,sidi_bouzid,,1.803,2.361,2.082,0.5580000000000003,dataset_5
2025-02-18,huile_olive,sfax,,1.7,2.5,2.1,0.8,dataset_5
2025-02-18,huile_olive,sidi_bouzid,,1.765,2.389,2.077,0.6239999999999999,dataset_5
2025-02-19,huile_olive,sfax,,1.7,2.5,2.1,0.8,dataset_5
2025-02-19,huile_olive,sidi_bouzid,,1.755,2.379,2.067,0.6240000000000001,dataset_5
2025-02-20,huile_olive,kairouan,,1.9,2.5,2.2,0.6000000000000001,dataset_5
2025-02-20,huile_olive,sfax,,1.7,2.5,2.1,0.8,dataset_5
2025-02-20,huile_olive,sidi_bouzid,,1.833,2.361,2.097,0.5280000000000002,dataset_5
2025-02-21,huile_olive,kairouan,,1.9,2.6,2.25,0.7000000000000002,dataset_5
2025-02-21,huile_olive,sfax,,1.7,2.5,2.1,0.8,dataset_5
2025-02-21,huile_olive,sidi_bouzid,,1.822,2.346,2.084,0.524,dataset_5
2025-02-24,huile_olive,kairouan,,1.9,2.6,2.25,0.7000000000000002,dataset_5
2025-02-24,huile_olive,sfax,,1.7,2.2,1.9500000000000002,0.5000000000000002,dataset_5
2025-02-24,huile_olive,sidi_bouzid,,1.81,2.38,2.0949999999999998,0.5699999999999998,dataset_5
2025-02-25,huile_olive,kairouan,,2,2.6,2.3,0.6000000000000001,dataset_5
2025-02-25,huile_olive,sfax,,1.7,2.6,2.15,0.9000000000000001,dataset_5
2025-02-25,huile_olive,sidi_bouzid,,1.81,2.366,2.088,0.556,dataset_5
2025-02-26,huile_olive,kairouan,,2,2.7,2.35,0.7000000000000002,dataset_5
2025-02-26,huile_olive,sidi_bouzid,,1.839,2.379,2.109,0.54,dataset_5
2025-02-27,huile_olive,kairouan,,2,2.7,2.35,0.7000000000000002,dataset_5
2025-02-27,huile_olive,sfax,,1.7,2.6,2.15,0.9000000000000001,dataset_5
2025-02-27,huile_olive,sidi_bouzid,,1.815,2.395,2.105,0.5800000000000001,dataset_5
2025-02-28,huile_olive,sidi_bouzid,,1.765,2.309,2.037,0.5440000000000003,dataset_5
2025-03-03,huile_olive,sfax,,1.7,2.6,2.15,0.9000000000000001,dataset_5
2025-03-03,huile_olive,sidi_bouzid,,1.744,2.277,2.0105,0.5330000000000001,dataset_5
2025-03-04,huile_olive,kairouan,,2.1,2.6,2.35,0.5,dataset_5
2025-03-04,huile_olive,sfax,,1.7,2.6,2.15,0.9000000000000001,dataset_5
2025-03-05,huile_olive,sfax,,1.7,2.5,2.1,0.8,dataset_5
2025-03-05,huile_olive,sidi_bouzid,,1.804,2.309,2.0565,0.5050000000000001,dataset_5
2025-03-06,huile_olive,sfax,,1.7,2.5,2.1,0.8,dataset_5
2025-03-06,huile_olive,sidi_bouzid,,1.757,2.293,2.025,0.5360000000000003,dataset_5
2025-03-07,huile_olive,kairouan,,1.1,2.7,1.9000000000000001,1.6,dataset_5
2025-03-07,huile_olive,sfax,,1.7,2.5,2.1,0.8,dataset_5
2025-03-11,huile_olive,sfax,,1.7,2.5,2.1,0.8,dataset_5
2025-03-12,huile_olive,sfax,,1.7,2.5,2.1,0.8,dataset_5
2025-03-13,huile_olive,sfax,,1.7,2.5,2.1,0.8,dataset_5
